[
    {
      "img": "https://btch.pages.dev/file/4fb82fbbd3c2e15747643.jpg", 
      "fullimg": "https://btch.pages.dev/file/311350e2373c10ab42b35.jpg", 
      "deskripsi": "hero ini role nya assasin", 
      "jawaban": "zilong"
    }, 
   {
      "img": "https://btch.pages.dev/file/ba8691980f439a29777ca.jpg", 
      "fullimg": "https://btch.pages.dev/file/cdb10352b6da800a252ba.jpg", 
      "deskripsi": "hero ini role nya mage", 
      "jawaban": "angela"
     }, 
    {
      "img": "https://btch.pages.dev/file/382c3b21878a6c2673118.jpg", 
      "fullimg": "https://btch.pages.dev/file/ebafbc93e34c0d37628d6.jpg", 
      "deskripsi": "hero ini role nya marksman", 
      "jawaban": "lady sun"
     }, 
    {
      "img": "https://btch.pages.dev/file/d466cbede37c66bf490d6.jpg", 
      "fullimg": "https://btch.pages.dev/file/2f314cfb1b6fccc21d4c1.jpg", 
      "deskripsi": "hero ini role nya support/tank", 
      "jawaban": "zhang fei"
     }, 
    {
      "img": "https://btch.pages.dev/file/37e68c5499a8ab1fd9ae6.jpg", 
      "fullimg": "https://btch.pages.dev/file/6c671eaeccfd1b267a5b1.jpg", 
      "deskripsi": "hero ini role nya tank/fighter", 
      "jawaban": "arthur"
     }, 
    {
      "img": "https://btch.pages.dev/file/1f698999b915513a5404f.jpg", 
      "fullimg": "https://btch.pages.dev/file/fb3278ee260e7e91310eb.jpg", 
      "deskripsi": "hero ini role nya fighter/assasin", 
      "jawaban": "musashi"
     }, 
    {
      "img": "https://btch.pages.dev/file/9fdfb3b62d1c5481d36aa.jpg", 
      "fullimg": "https://btch.pages.dev/file/703c68d246220b2c34db0.jpg", 
      "deskripsi": "hero ini role nya assasin", 
      "jawaban": "ying"
     }, 
    {
      "img": "https://btch.pages.dev/file/c71c5b45307c5a5ce3329.jpg", 
      "fullimg": "https://btch.pages.dev/file/7b7f929506df89c7c3e26.jpg", 
      "deskripsi": "hero ini role nya mage", 
      "jawaban": "liang"
     }, 
    {
      "img": "https://btch.pages.dev/file/e88753804eaa65de7d898.jpg", 
      "fullimg": "https://btch.pages.dev/file/e5be0b77703008c24f403.jpg", 
      "deskripsi": "hero ini role nya marksman", 
      "jawaban": "marco polo"
     }, 
    {
      "img": "https://btch.pages.dev/file/79b934f7bda6408c66981.jpg", 
      "fullimg": "https://btch.pages.dev/file/49b2ef7e9fbd788fde634.jpg", 
      "deskripsi": "hero ini role nya tank", 
      "jawaban": "lu bu"
     }, 
    {
      "img": "https://btch.pages.dev/file/8d8e2305d31f27c796f07.jpg", 
      "fullimg": "https://btch.pages.dev/file/9da4c94e12e67d9a50398.jpg", 
      "deskripsi": "hero ini role nya support/mage", 
      "jawaban": "cai yan"
     }, 
    {
      "img": "https://btch.pages.dev/file/401a27f2306ae224000df.jpg", 
      "fullimg": "https://btch.pages.dev/file/85221bfb317b52e217857.jpg", 
      "deskripsi": "hero ini role nya assasin", 
      "jawaban": "lam"
     }, 
    {
      "img": "https://btch.pages.dev/file/8fefdf8b1ce9a56619993.jpg", 
      "fullimg": "https://btch.pages.dev/file/f40b9686adba46211006f.jpg", 
      "deskripsi": "hero ini role nya mage", 
      "jawaban": "lady zhen"
     }, 
    {
      "img": "https://btch.pages.dev/file/abfa932efa0da6cb3e018.jpg", 
      "fullimg": "https://btch.pages.dev/file/347d5aa1b4d08a92a5e6a.jpg", 
      "deskripsi": "hero ini role nya marksman", 
      "jawaban": "hou yi"
     }, 
    {
      "img": "https://btch.pages.dev/file/fde0ecb0fc30250fb1305.jpg", 
      "fullimg": "https://btch.pages.dev/file/d73861088051e509e8d05.jpg", 
      "deskripsi": "hero ini role nya tank", 
      "jawaban": "lian po"
     }, 
    {
      "img": "https://btch.pages.dev/file/62930155e32b6ac9661e9.jpg", 
      "fullimg": "https://btch.pages.dev/file/62847ac546a6c5cd936a0.jpg", 
      "deskripsi": "hero ini role nya support/mage", 
      "jawaban": "liu shan"
     }, 
    {
      "img": "https://btch.pages.dev/file/fc26e6f912beed8eec43e.jpg", 
      "fullimg": "https://btch.pages.dev/file/cbf9390d5ede2dcd691fa.jpg", 
      "deskripsi": "hero ini role nya fighter/assasin", 
      "jawaban": "wukong"
     }, 
    {
      "img": "https://btch.pages.dev/file/a2ec9b9149ff8bd9362b7.jpg", 
      "fullimg": "https://btch.pages.dev/file/1a564f7a270553e4c2a8b.jpg", 
      "deskripsi": "hero ini role nya mage", 
      "jawaban": "princess frost"
     }, 
    {
      "img": "https://btch.pages.dev/file/b5b0d63aada3ae08ac7c3.jpg", 
      "fullimg": "https://btch.pages.dev/file/a61ff08ee588f3c9daa01.jpg", 
      "deskripsi": "hero ini role nya marksman", 
      "jawaban": "shouyue"
     }, 
    {
      "img": "https://btch.pages.dev/file/cda9922384fad39515642.jpg", 
      "fullimg": "https://btch.pages.dev/file/8e526e11246e4e5d06201.jpg", 
      "deskripsi": "hero ini role nya tank", 
      "jawaban": "xiang yu"
     }, 
     {
      "img": "https://btch.pages.dev/file/8f2273b90c1afc23b08e3.jpg", 
      "fullimg": "https://btch.pages.dev/file/53dc1ef9d2c1a44d1dc21.jpg", 
      "deskripsi": "hero ini role nya support/mage", 
      "jawaban": "sun bin"
     }, 
     {
      "img": "https://btch.pages.dev/file/7331f4b66f59a94604c8a.jpg", 
      "fullimg": "https://btch.pages.dev/file/930cd3f6678b2765b3b15.jpg", 
      "deskripsi": "hero ini role nya assasin", 
      "jawaban": "prince of lanling"
     }, 
     {
      "img": "https://btch.pages.dev/file/067268b47495578a7a96f.jpg", 
      "fullimg": "https://btch.pages.dev/file/5cac4741955d56422f1b7.jpg", 
      "deskripsi": "hero ini role nya mage", 
      "jawaban": "xiao qiao"
     }, 
     {
      "img": "https://btch.pages.dev/file/3707a32538a6680e86e45.jpg", 
      "fullimg": "https://btch.pages.dev/file/2210431608ba0c323564f.jpg", 
      "deskripsi": "hero ini role nya marksman", 
      "jawaban": "Huang zhong"
     }, 
     {
      "img": "https://btch.pages.dev/file/13e2a3ee107b796945c62.jpg", 
      "fullimg": "https://btch.pages.dev/file/d43aacf1e409c6482619e.jpg", 
      "deskripsi": "hero ini role nya tank/support", 
      "jawaban": "agudo"
     }, 
    {
      "img": "https://btch.pages.dev/file/478108cbc9ed20d1a7df6.jpg", 
      "fullimg": "https://btch.pages.dev/file/8dfd43fa204790fb85c8f.jpg", 
      "deskripsi": "hero ini role nya support", 
      "jawaban": "Da qiao"
     }, 
    {
      "img": "https://btch.pages.dev/file/0913fe59634830cee8281.jpg", 
      "fullimg": "https://btch.pages.dev/file/f0bf70b3e870cd3462960.jpg", 
      "deskripsi": "hero ini role nya mage/assasin", 
      "jawaban": "diaochan"
     }, 
    {
      "img": "https://btch.pages.dev/file/a3f4b8ddd31e4c95b9467.jpg", 
      "fullimg": "https://btch.pages.dev/file/9a5be1907344860befba9.jpg", 
      "deskripsi": "hero ini role nya mage", 
      "jawaban": "dr bian"
     }, 
    {
      "img": "https://btch.pages.dev/file/3431df2961b6b9d020173.jpg", 
      "fullimg": "https://btch.pages.dev/file/55477085f2c95dc1bb7dd.jpg", 
      "deskripsi": "hero ini role nya marksman", 
      "jawaban": "consort yu"
     }, 
    {
      "img": "https://btch.pages.dev/file/0129a9f0b56b3ff627995.jpg", 
      "fullimg": "https://btch.pages.dev/file/b2cc7133f442ee33446c7.jpg", 
      "deskripsi": "hero ini role nya fighter/tank", 
      "jawaban": "liu bei"
     }, 
    {
      "img": "https://btch.pages.dev/file/3d37de132d5c4a5ccf95b.jpg", 
      "fullimg": "https://btch.pages.dev/file/41663b18e6053e7b980db.jpg", 
      "deskripsi": "hero ini role nya support", 
      "jawaban": "ming"
     }, 
    {
      "img": "https://btch.pages.dev/file/dc1419bee698f5fc320c7.jpg", 
      "fullimg": "https://btch.pages.dev/file/37a6b21c6335e91fb6ab2.jpg", 
      "deskripsi": "hero ini role nya assasin", 
      "jawaban": "nakoruru"
     }, 
    {
      "img": "https://btch.pages.dev/file/250cead4acc6f53cd2af3.jpg", 
      "fullimg": "https://btch.pages.dev/file/09eaf5e1bf476aa07ee31.jpg", 
      "deskripsi": "hero ini role nya mage", 
      "jawaban": "kongmin"
     }, 
    {
      "img": "https://btch.pages.dev/file/725e52ec987afdd637b3d.jpg", 
      "fullimg": "https://btch.pages.dev/file/2cab65b93d1edafa2435a.jpg", 
      "deskripsi": "hero ini role nya marksman", 
      "jawaban": "luban no.7"
     }, 
    {
      "img": "https://btch.pages.dev/file/04809b0c3af9bc3ee2a63.jpg", 
      "fullimg": "https://btch.pages.dev/file/cd0566310235e917e2424.jpg", 
      "deskripsi": "hero ini role nya fighter/assasin", 
      "jawaban": "charlotte"
     }, 
    {
      "img": "https://btch.pages.dev/file/0578bf1d432c06686e9da.jpg", 
      "fullimg": "https://btch.pages.dev/file/f6d33f17726d6bc91c03b.jpg", 
      "deskripsi": "hero ini role nya assasin", 
      "jawaban": "sima yi"
     }, 
    {
      "img": "https://btch.pages.dev/file/777f38720ea732390aaf0.jpg", 
      "fullimg": "https://btch.pages.dev/file/edc50560058e2ea4dd18b.jpg", 
      "deskripsi": "hero ini role nya mage", 
      "jawaban": "guitarist"
     }, 
    {
      "img": "https://btch.pages.dev/file/5807040d3f5aa43fb3435.jpg", 
      "fullimg": "https://btch.pages.dev/file/66fc292c3db053addcd67.jpg", 
      "deskripsi": "hero ini role nya marksman", 
      "jawaban": "alessio"
     }, 
    {
      "img": "https://btch.pages.dev/file/d005668df15bd300ca545.jpg", 
      "fullimg": "https://btch.pages.dev/file/562d8fce24d374683af95.jpg", 
      "deskripsi": "hero ini role nya mage", 
      "jawaban": "luara"
     }, 
    {
      "img": "https://btch.pages.dev/file/67227be61c11ed1cb79b0.jpg", 
      "fullimg": "https://btch.pages.dev/file/a52887b0894e0260cc1fa.jpg", 
      "deskripsi": "hero ini role nya fighter/tank", 
      "jawaban": "caocao"
     }, 
    {
      "img": "https://btch.pages.dev/file/e227f662695e38776af93.jpg", 
      "fullimg": "https://btch.pages.dev/file/f2af942ee8a80c2bb6dc8.jpg", 
      "deskripsi": "hero ini role nya fighter", 
      "jawaban": "li xin"
     }, 
    {
      "img": "https://btch.pages.dev/file/17938e0857b3f201726e9.jpg", 
      "fullimg": "https://btch.pages.dev/file/a1f18a879aeb20e3e300b.jpg", 
      "deskripsi": "hero ini role nya mage", 
      "jawaban": "luna"
     }, 
    {
      "img": "https://btch.pages.dev/file/9b9aa27e3ac23c5ea3513.jpg", 
      "fullimg": "https://btch.pages.dev/file/ed73c10182e3c4b64120a.jpg", 
      "deskripsi": "hero ini role nya marksman", 
      "jawaban": "garo"
     }, 
    {
      "img": "https://btch.pages.dev/file/c6756da8fbee3ec498b77.jpg", 
      "fullimg": "https://btch.pages.dev/file/5cccf70264bcd99e1523a.jpg", 
      "deskripsi": "hero ini role nya fighter", 
      "jawaban": "mayene"
     }, 
    {
      "img": "https://btch.pages.dev/file/cb735d46926313aa7bb0d.jpg", 
      "fullimg": "https://btch.pages.dev/file/ea7a269863710fb06bee7.jpg", 
      "deskripsi": "hero ini role nya fighter", 
      "jawaban": "yang jian"
     }, 
    {
      "img": "https://btch.pages.dev/file/88264d1dfe83ee43c3226.jpg", 
      "fullimg": "https://btch.pages.dev/file/757d058bdbb4e4abb2d10.jpg", 
      "deskripsi": "hero ini role nya fighter/mage", 
      "jawaban": "mulan"
     }, 
    {
      "img": "https://btch.pages.dev/file/dca447b1f1798ec01a077.jpg", 
      "fullimg": "https://btch.pages.dev/file/52ff54093e42e6feecaf2.jpg", 
      "deskripsi": "hero ini role nya mage", 
      "jawaban": "heino"
     }, 
    {
      "img": "https://btch.pages.dev/file/273368ddfdff593f6b65e.jpg", 
      "fullimg": "https://btch.pages.dev/file/61bcbe2c9315b0643f085.jpg", 
      "deskripsi": "hero ini role nya support", 
      "jawaban": "yaria"
     }, 
    {
      "img": "https://btch.pages.dev/file/575217c372452f415b606.jpg", 
      "fullimg": "https://btch.pages.dev/file/c89a936fbecf7276f259f.jpg", 
      "deskripsi": "hero ini role nya fighter/tank", 
      "jawaban": "athena"
     }, 
    {
      "img": "https://btch.pages.dev/file/e5fd90804459a68575e20.jpg", 
      "fullimg": "https://btch.pages.dev/file/5c810785487ec1ddc9819.jpg", 
      "deskripsi": "hero ini role nya fighter/marksman", 
      "jawaban": "biron"
     }
]