[
    {
      "img": "https://telegra.ph/file/4c9aa92791792730e5c93.jpg", 
      "deskripsi": "Nama pelatih nya adalah *Ash Ketchum*", 
      "jawaban": "Pikachu" 
    }, 
    {
      "img": "https://telegra.ph/file/c2a0ea879de2b90b3ebd0.jpg", 
      "deskripsi": "Nama pelatih nya adalah *Ash Ketchum*", 
      "jawaban": "Charizard"
    }, 
    {
      "img": "https://telegra.ph/file/780a8ba9e9514c2c63329.jpg", 
      "deskripsi": "Nama pelatih nya adalah *Ash Ketchum*", 
      "jawaban": "Bulbasaur"
    }, 
    {
      "img": "https://telegra.ph/file/e1f5f71a10162d9d3691a.jpg", 
      "deskripsi": "Nama pelatih nya adalah *Ash Ketchum*", 
      "jawaban": "Squirtle"
    }, 
    {
      "img": "https://telegra.ph/file/220a8009760b7eceb8be6.jpg", 
      "deskripsi": "Nama pelatih nya adalah *Ash Ketchum*", 
      "jawaban": "Jigglypuff"
    }, 
    {
      "img": "https://telegra.ph/file/8d44c55622bea562bb556.jpg", 
      "deskripsi": "Nama pelatih nya adalah *Sabrina*", 
      "jawaban": "Gengar"
    }, 
    {
      "img": "https://telegra.ph/file/fffc4d4b5ba86a0935261.jpg", 
      "deskripsi": "Nama pelatih nya adalah *Giovanni*", 
      "jawaban": "Mewtwo"
    }, 
    {
      "img": "https://telegra.ph/file/ab2863f53b8c8b9feb4e3.jpg", 
      "deskripsi": "Nama pelatih nya adalah *May*", 
      "jawaban": "Eevee"
    },
    {
      "img": "https://telegra.ph/file/2698528399db17b39184f.jpg", 
      "deskripsi": "Nama pelatih nya adalah *Sir Aaron*", 
      "jawaban": "Lucario"
    }, 
    {
      "img": "https://telegra.ph/file/7e85e2e12d22540e1d714.jpg", 
      "deskripsi": "Nama pelatih nya adalah *Misty*", 
      "jawaban": "Togepi"
    },
    {
      "img": "https://telegra.ph/file/0bfc3c94a02602a645df0.jpg", 
      "deskripsi": "Nama pelatih nya adalah *Ash Ketchum*", 
      "jawaban": "Snorlax"
    }, 
    {
      "img": "https://telegra.ph/file/6e4d3face27061a7c5e98.jpg", 
      "deskripsi": "Nama pelatih nya adalah *Gary Oak*", 
      "jawaban": "Blastoise"
    }, 
    {
      "img": "https://telegra.ph/file/3329b61efda622dae2471.jpg", 
      "deskripsi": "Nama pelatih nya adalah *May*", 
      "jawaban": "Gardevoir"
    }, 
    {
      "img": "https://telegra.ph/file/ec198951659cdbced21c8.jpg", 
      "deskripsi": "Nama pelatih nya adalah *Lance*", 
      "jawaban": "Dragonite"
    }, 
    {
      "img": "https://telegra.ph/file/4840a92bf0840920e5ce4.jpg", 
      "deskripsi": "Nama pelatih nya adalah *Professor Oak*", 
      "jawaban": "Arcanine"
    },
    {
      "img": "https://telegra.ph/file/acd34887457a3883753a4.jpg", 
      "deskripsi": "Nama pelatih nya adalah *Team Rocket*", 
      "jawaban": "Mimikyu"
    }, 
    {
      "img": "https://telegra.ph/file/62d4e1926ce49f0057ddb.jpg", 
      "deskripsi": "Nama pelatih nya adalah *Ash Ketchum*", 
      "jawaban": "Greninja"
    }, 
    {
      "img": "https://telegra.ph/file/e40bfafa3c9a3910f89b3.jpg", 
      "deskripsi": "Nama pelatih nya adalah *Misty*", 
      "jawaban": "Gyarados"
    }, 
    {
      "img": "https://telegra.ph/file/3d3c78145758cf361567e.jpg", 
      "deskripsi": "Nama pelatih nya adalah *Team Rocket*", 
      "jawaban": "Zubat"
    }, 
    {
      "img": "https://telegra.ph/file/d7eda727483393f294505.jpg", 
      "deskripsi": "Nama pelatih nya adalah *Lance*", 
      "jawaban": "Tyranitar" 
    }, 
    {
      "img": "https://telegra.ph/file/693943a7b28925228024e.jpg", 
      "deskripsi": "Nama pelatih nya adalah *Sabrina*", 
      "jawaban": "Alakazam"
    }, 
    {
      "img": "https://telegra.ph/file/d0b18bc4ede6d642b427e.jpg", 
      "deskripsi": "Nama pelatih nya adalah *Ash Ketchum*", 
      "jawaban": "Scyther"
    }, 
    {
      "img": "https://telegra.ph/file/32dbfe57e1e7eb6fb3378.jpg", 
      "deskripsi": "Nama pelatih nya adalah *Ash Ketchum*", 
      "jawaban": "Pidgeot"
    }, 
    {
      "img": "https://telegra.ph/file/07127fef36358f4aef7e8.jpg", 
      "deskripsi": "Nama pelatih nya adalah *Brock*", 
      "jawaban": "Onix"
    }, 
    {
      "img": "https://telegra.ph/file/2fae3953cb9bb73fcf88c.jpg", 
      "deskripsi": "Nama pelatih nya adalah *Misty*", 
      "jawaban": "Ninetales"
    }, 
    {
      "img": "https://btch.pages.dev/file/0687cdd61c0cd6c07bf60.jpg", 
      "deskripsi": "Nama pelatih nya adalah ash kechum", 
      "jawaban": "lapras"
    }, 
    {
      "img": "https://btch.pages.dev/file/f25e938b2e35b2ab62c2a.jpg", 
      "deskripsi": "Nama pelatih nya adalah giovanni", 
      "jawaban": "machamp"
    },
    {
      "img": "https://btch.pages.dev/file/130260e5a35a66b9598f1.jpg", 
      "deskripsi": "Nama pelatih nya adalah Ash Ketchum", 
      "jawaban": "Sandslash"
    }, 
    {
      "img": "https://btch.pages.dev/file/6c759ef45a70a97a6ef84.jpg", 
      "deskripsi": "Nama pelatih nya adalah misty", 
      "jawaban": "Vaporeon"
    }, 
    {
      "img": "https://btch.pages.dev/file/68bdae6cd9ff9cc0d1110.jpg", 
      "deskripsi": "Nama pelatih nya adalah may", 
      "jawaban": "Flareon"
    }, 
    {
      "img": "https://btch.pages.dev/file/d3900aa72a4973cd99c59.jpg", 
      "deskripsi": "Nama pelatih nya adalah hop ", 
      "jawaban": "Corviknight"
    }, 
    {
      "img": "https://btch.pages.dev/file/4f26b3dc398f20c693828.jpg", 
      "deskripsi": "Nama pelatih nya adalah brock", 
      "jawaban": "Machoke"
    }, 
    {
      "img": "https://btch.pages.dev/file/bad7b492c5a4173be931d.jpg", 
      "deskripsi": "Nama pelatih nya adalah Ash Ketchum", 
      "jawaban": "kabutops"
    }, 
    {
      "img": "https://btch.pages.dev/file/a20b878122018a8210d9d.jpg", 
      "deskripsi": "Nama pelatih nya adalah brock", 
      "jawaban": "golem"
    }, 
    {
      "img": "https://btch.pages.dev/file/b681f3412d19417f80a63.jpg", 
      "deskripsi": "Nama pelatih nya adalah Ash Ketchum", 
      "jawaban": "lugia"
    }, 
    {
      "img": "https://btch.pages.dev/file/a02b339b88b0b84dfdf49.jpg", 
      "deskripsi": "Nama pelatih nya adalah professor oak", 
      "jawaban": "celebi"
    }, 
    {
      "img": "https://btch.pages.dev/file/83e8f1718debec59fc154.jpg", 
      "deskripsi": "Nama pelatih nya adalah Steven Stone", 
      "jawaban": "rayquaza"
    }, 
    {
      "img": "https://btch.pages.dev/file/1ece47e359f105e1d2ae7.jpg", 
      "deskripsi": "Nama pelatih nya adalah cyrus", 
      "jawaban": "dialga"
    },
    {
      "img": "https://btch.pages.dev/file/70a3b526dfc21121bbd99.jpg", 
      "deskripsi": "Nama pelatih nya adalah cyrus", 
      "jawaban": "palkia"
    }, 
    {
      "img": "https://btch.pages.dev/file/97edbb12e49727bdf662a.jpg", 
      "deskripsi": "Nama pelatih nya adalah cyrus", 
      "jawaban": "giratina"
    }, 
    {
      "img": "https://btch.pages.dev/file/36733d961fb3125c117cf.jpg", 
      "deskripsi": "Nama pelatih nya adalah zoroa", 
      "jawaban": "zoroark"
    }, 
    {
      "img": "https://btch.pages.dev/file/0ac8f8d3ed7b7eabd14ab.jpg", 
      "deskripsi": "nama pelatih nya adalah lris", 
      "jawaban": "Hydreigon" 
    }, 
    {
      "img": "https://btch.pages.dev/file/abaf6f805e52b09c663ad.jpg", 
      "deskripsi": "nama pelatih nya adalah ash ketchum", 
      "jawaban": "Chandelure" 
    }, 
    {
      "img": "https://btch.pages.dev/file/373326dfaa9593374c5d2.jpg", 
      "deskripsi": "nama pelatih nya adalah serena", 
      "jawaban": "sylveon"
    }, 
    {
      "img": "https://btch.pages.dev/file/54f261fb26c558090c487.jpg", 
      "deskripsi": "nama pelatih nya adalah rowlet(ash's)", 
      "jawaban": "Decidueye"
    }, 
    {
      "img": "https://btch.pages.dev/file/62abb33b4396597c1a37e.jpg", 
      "deskripsi": "nama pelatih nya adalah ash ketchum", 
      "jawaban": "inceneroar"
    }, 
    {
      "img": "https://btch.pages.dev/file/c318c806d11af952a85ae.jpg", 
      "deskripsi": "nama pelatih nya adalah dawn", 
      "jawaban": "togekiss"
    }, 
    {
      "img": "https://btch.pages.dev/file/9c783243012d5c369ca8c.jpg", 
      "deskripsi": "nama pelatih nya adalah brock", 
      "jawaban": "crobat"
    }, 
    {
      "img": "https://btch.pages.dev/file/6a84a4ce8faafd29318db.jpg", 
      "deskripsi": "nama pelatih nya adalah ash ketchum", 
      "jawaban": "tyrantrum"
    }
]