[
    {
        "img": "https://btch.pages.dev/file/42875d0a55272a81855bb.jpg",
        "fullimg": "https://btch.pages.dev/file/d55c0ef98cb3c61939bf3.jpg", 
        "jawaban": "lunox",
        "deskripsi": "hero ini role mage"
    },
    {
        "img": "https://telegra.ph/file/def22c4615bcdaab84d6f.jpg",
        "fullimg": "https://telegra.ph/file/32034fce34d130a8d75c1.jpg", 
        "jawaban": "kagura",
        "deskripsi": "hero ini role mage"
    },
    {
        "img": "https://telegra.ph/file/ca9ce5b6bdb46a50c2be6.jpg",
        "fullimg": "https://telegra.ph/file/ad04f6a553073a03565a7.jpg", 
        "jawaban": "natan",
        "deskripsi": "hero ini role marksman"
    },
    {
        "img": "https://telegra.ph/file/c5c235864c335298343f4.jpg",
        "fullimg": "https://telegra.ph/file/4b3ccd1b4fded47591032.jpg", 
        "jawaban": "irithel",
        "deskripsi": "hero ini role marksman"
    },
    {
        "img": "https://telegra.ph/file/ff0b38ec6bcc3cd3c6904.jpg",
        "fullimg": "https://telegra.ph/file/9e412af9e69a551ff377a.jpg", 
        "jawaban": "pharsa",
        "deskripsi": "hero ini role mage"
    },
    {
        "img": "https://telegra.ph/file/8f7d78284b2c6cae23231.jpg",
        "fullimg": "https://telegra.ph/file/204027cfc16d6b77e0507.jpg", 
        "jawaban": "lylia",
        "deskripsi": "hero ini role mage"
    },
    {
        "img": "https://telegra.ph/file/0ef479fbb11bc08641c9c.jpg",
        "fullimg": "https://telegra.ph/file/396b8b7d50c67fbc3c620.jpg", 
        "jawaban": "melisa",
        "deskripsi": "hero ini role marksman"
    },
    {
        "img": "https://telegra.ph/file/f680810e059e4ae341161.jpg",
        "fullimg": "https://telegra.ph/file/8f32ad1e8dc3a6e6401ba.jpg", 
        "jawaban": "popol dan kupa",
        "deskripsi": "hero ini role marksman"
    },
    {
        "img": "https://telegra.ph/file/d6b3425f2ce7b0843fb70.jpg",
        "fullimg": "https://telegra.ph/file/9512ea41c3f3618d7fce1.jpg", 
        "jawaban": "harith",
        "deskripsi": "hero ini role mage"
    },
    {
        "img": "https://telegra.ph/file/062adbfe1f9cd010fbde4.jpg",
        "fullimg": "https://telegra.ph/file/2eb9f10d24ca786f51688.jpg", 
        "jawaban": "luoyi",
        "deskripsi": "hero ini role mage"
    },
    {
        "img": "https://telegra.ph/file/d86c6389f8150a7af353b.jpg",
        "fullimg": "https://telegra.ph/file/317bdf8cd4cfced6cf537.jpg", 
        "jawaban": "yve",
        "deskripsi": "hero ini role mage"
    },
    {
        "img": "https://telegra.ph/file/6e739d05a759eef6842e2.jpg",
        "fullimg": "https://telegra.ph/file/5969e237121525aaf420e.jpg", 
        "jawaban": "karrie",
        "deskripsi": "hero ini role marksman"
    },
    {
        "img": "https://telegra.ph/file/fdec20aef80d7a35d1ec3.jpg",
        "fullimg": "https://telegra.ph/file/554de0e75e87f2d5a2781.jpg", 
        "jawaban": "beatrix",
        "deskripsi": "hero ini role marksman"
    },
    {
        "img": "https://telegra.ph/file/a74a1dca4300ba0e68b0b.jpg",
        "fullimg": "https://telegra.ph/file/fa682ad8797e15a698b86.jpg", 
        "jawaban": "miya",
        "deskripsi": "hero ini role marksman"
    },
    {
        "img": "https://telegra.ph/file/1f5ce5ba0dc3a0991b6ad.jpg",
        "fullimg": "https://telegra.ph/file/34966c6646c9f0ab46bb3.jpg", 
        "jawaban": "layla",
        "deskripsi": "hero ini role marksman"
    },
    {
        "img": "https://telegra.ph/file/ea1328e3e5eaa6a8b5f34.jpg",
        "fullimg": "https://telegra.ph/file/21ee4c430680d464d8341.jpg", 
        "jawaban": "lesley",
        "deskripsi": "hero ini role marksman"
    },
    {
        "img": "https://telegra.ph/file/07cd02a0c15150c080c2f.jpg",
        "fullimg": "https://telegra.ph/file/463a2c54e94d9deb04a80.jpg", 
        "jawaban": "bruno",
        "deskripsi": "hero ini role marksman"
    },
    {
        "img": "https://telegra.ph/file/071e402ea3c3676e6614c.jpg",
        "fullimg": "https://telegra.ph/file/d06134e50c651a835d785.jpg", 
        "jawaban": "claude",
        "deskripsi": "hero ini role marksman"
    },
    {
        "img": "https://telegra.ph/file/c113ae50ab7b07f9c0417.jpg",
        "fullimg": "https://telegra.ph/file/bac49a6ad5e8102e6a69d.jpg", 
        "jawaban": "valentina",
        "deskripsi": "hero ini role mage"
    },
    {
        "img": "https://telegra.ph/file/9bce049fe2e4ef1ebb289.jpg",
        "fullimg": "https://telegra.ph/file/0f9289aa01a7fddded84d.jpg", 
        "jawaban": "hanabi",
        "deskripsi": "hero ini role marksman"
    },
    {
        "img": "https://telegra.ph/file/95969732a6bec79520025.jpg",
        "fullimg": "https://telegra.ph/file/1272ca869d0833d93c58a.jpg", 
        "jawaban": "change",
        "deskripsi": "hero ini role mage"
    },
    {
        "img": "https://telegra.ph/file/32d4f73bcf3e575a2d880.jpg",
        "fullimg": "https://telegra.ph/file/60ccf1d82ba8000c85b75.jpg", 
        "jawaban": "zhask",
        "deskripsi": "hero ini role mage"
    }, 
    {
        "img": "https://btch.pages.dev/file/90dda4a09603b6882c1a7.jpg",
        "fullimg": "https://btch.pages.dev/file/b38e18382c0ad5b59e8d2.jpg", 
        "jawaban": "atlas",
        "deskripsi": "hero ini role tank"
    },
    {
        "img": "https://btch.pages.dev/file/d8d1695dd67de01074ae3.jpg",
        "fullimg": "https://btch.pages.dev/file/72dae44a4f2b1a50b9f30.jpg", 
        "jawaban": "uranus",
        "deskripsi": "hero ini role tank"
    },
    {
        "img": "https://btch.pages.dev/file/bdd745a2d7cdbea3c418f.jpg",
        "fullimg": "https://btch.pages.dev/file/2c39949ff0b33f78b5e1b.jpg", 
        "jawaban": "tigreal",
        "deskripsi": "hero ini role tank"
    },
    {
        "img": "https://btch.pages.dev/file/4e504801ac9619ff901ce.jpg",
        "fullimg": "https://btch.pages.dev/file/b79ce7d70827489a04c4e.jpg", 
        "jawaban": "hylos",
        "deskripsi": "hero ini role tank"
    },
    {
        "img": "https://btch.pages.dev/file/ca946eb1ce038a9938b97.jpg",
        "fullimg": "https://btch.pages.dev/file/37294d419e6f9ba7d5638.jpg", 
        "jawaban": "gatotkaca",
        "deskripsi": "hero ini role tank"
    },
    {
        "img": "https://btch.pages.dev/file/5113b11576502f2b9b419.jpg",
        "fullimg": "https://btch.pages.dev/file/1c93420b16aaadcb8b574.jpg", 
        "jawaban": "baxia",
        "deskripsi": "hero ini role tank"
    },
    {
        "img": "https://btch.pages.dev/file/432ddbd919f509f4fa209.jpg",
        "fullimg": "https://btch.pages.dev/file/1dbdcb735979f488a99bd.jpg", 
        "jawaban": "khufra",
        "deskripsi": "hero ini role tank"
    },
    {
        "img": "https://btch.pages.dev/file/08c181daa24307d1fcb68.jpg",
        "fullimg": "https://btch.pages.dev/file/8e61e36add8cea54ecac2.jpg", 
        "jawaban": "leomord",
        "deskripsi": "hero ini role figther"
    },
    {
        "img": "https://btch.pages.dev/file/3fb7cdffb3253c70c5e53.jpg",
        "fullimg": "https://btch.pages.dev/file/fc005299cb99002bcb887.jpg", 
        "jawaban": "zilong",
        "deskripsi": "hero ini role fighter"
    },
    {
        "img": "https://btch.pages.dev/file/b2b6da3d26ced9889833b.jpg",
        "fullimg": "https://btch.pages.dev/file/061b8fe3b46195f65066d.jpg", 
        "jawaban": "phoveus",
        "deskripsi": "hero ini role fighter"
    },
    {
        "img": "https://btch.pages.dev/file/f6e60f0ef6d52d498dc94.jpg",
        "fullimg": "https://btch.pages.dev/file/1fc5cdaf5c5058dd718dc.jpg", 
        "jawaban": "xborg",
        "deskripsi": "hero ini role fighter"
    },
    {
        "img": "https://btch.pages.dev/file/29c78025ca29a2d39e03e.jpg",
        "fullimg": "https://btch.pages.dev/file/f05fe96c1b2f698b89984.jpg", 
        "jawaban": "fredrin",
        "deskripsi": "hero ini role fighter"
    },
    {
        "img": "https://btch.pages.dev/file/673348714e4a77248eb04.jpg",
        "fullimg": "https://btch.pages.dev/file/9988dc1be63199d58904e.jpg", 
        "jawaban": "alpha",
        "deskripsi": "hero ini role fighter"
    },
    {
        "img": "https://btch.pages.dev/file/847caca86aef6b72f8755.jpg",
        "fullimg": "https://btch.pages.dev/file/cadec127243201ae17ef7.jpg", 
        "jawaban": "yin",
        "deskripsi": "hero ini role fighter"
    },
    {
        "img": "https://btch.pages.dev/file/a2091b97c2ee4e3be2f2e.jpg",
        "fullimg": "https://btch.pages.dev/file/15081be03ec5e0ddb7c5a.jpg", 
        "jawaban": "fanny",
        "deskripsi": "hero ini role assasin"
    },
    {
        "img": "https://btch.pages.dev/file/81a227701b5b8df2241fd.jpg",
        "fullimg": "https://btch.pages.dev/file/00440bc4e87358ead32f1.jpg", 
        "jawaban": "lancelot",
        "deskripsi": "hero ini role assasin"
    },
    {
        "img": "https://btch.pages.dev/file/466c72c6cc8d1fcdf50c1.jpg",
        "fullimg": "https://btch.pages.dev/file/bae67e8748b6bf8bfdf52.jpg", 
        "jawaban": "natalia",
        "deskripsi": "hero ini role assasin"
    },
    {
        "img": "https://btch.pages.dev/file/66f53ca9f76353fa6510b.jpg",
        "fullimg": "https://btch.pages.dev/file/ae7ca4536d324b24d07de.jpg", 
        "jawaban": "yuzhong",
        "deskripsi": "hero ini role fighter"
    },
    {
        "img": "https://btch.pages.dev/file/14d799dbaca091e47650e.jpg",
        "fullimg": "https://btch.pages.dev/file/9b4a956e9f1825400803b.jpg", 
        "jawaban": "hanzo",
        "deskripsi": "hero ini role assasin"
    },
    {
        "img": "https://btch.pages.dev/file/aea7aee75cfcf8bea8679.jpg",
        "fullimg": "https://btch.pages.dev/file/72475e1cf4a60d2e05a6b.jpg", 
        "jawaban": "karina",
        "deskripsi": "hero ini role assasin"
    },
    {
        "img": "https://btch.pages.dev/file/c0c1295432af34d77ddb1.jpg",
        "fullimg": "https://btch.pages.dev/file/9559d4c0ada7b07eb5851.jpg", 
        "jawaban": "benedetta",
        "deskripsi": "hero ini role assasin"
    },
    {
        "img": "https://btch.pages.dev/file/ac17f7467de86ba7eb431.jpg",
        "fullimg": "https://btch.pages.dev/file/ea8f71a08904bf230f6c4.jpg", 
        "jawaban": "gusion",
        "deskripsi": "hero ini role assasin"
    },
    {
        "img": "https://btch.pages.dev/file/aeb70d7fce761deafa1c5.jpg",
        "fullimg": "https://btch.pages.dev/file/1adcfa3b654f247b09cae.jpg", 
        "jawaban": "nolan",
        "deskripsi": "hero ini role assasin"
    },
    {
        "img": "https://btch.pages.dev/file/0a59d8a4a3e596d600f67.jpg",
        "fullimg": "https://btch.pages.dev/file/407944ed9a7362c15a6a8.jpg", 
        "jawaban": "barats",
        "deskripsi": "hero ini role tank"
    },
    {
        "img": "https://btch.pages.dev/file/f9211979e8be2d47ebb7f.jpg",
        "fullimg": "https://btch.pages.dev/file/12911cb863e36f2d10c5d.jpg", 
        "jawaban": "belerick",
        "deskripsi": "hero ini role tank"
    },
    {
        "img": "https://btch.pages.dev/file/5b3dff02dfe960b8b6914.jpg",
        "fullimg": "https://btch.pages.dev/file/dc9ba3502fcc08b0d32e5.jpg", 
        "jawaban": "minotour",
        "deskripsi": "hero ini role tank"
    },
    {
        "img": "https://btch.pages.dev/file/46ebb8ac0ed8a30f7b005.jpg",
        "fullimg": "https://btch.pages.dev/file/03b1cd20dffc586d1b28d.jpg", 
        "jawaban": "ling",
        "deskripsi": "hero ini role assasin"
    },
    {
        "img": "https://btch.pages.dev/file/3f4ad92de597e1000a4b2.jpg",
        "fullimg": "https://btch.pages.dev/file/3e2878c933a64d0c5ee27.jpg", 
        "jawaban": "helcurt",
        "deskripsi": "hero ini role assasin"
    },
    {
        "img": "https://btch.pages.dev/file/aba019a86e7eea48fdee7.jpg",
        "fullimg": "https://btch.pages.dev/file/e9ecb4c3e03bb2754bdff.jpg", 
        "jawaban": "uranus",
        "deskripsi": "hero ini role tank"
    },
    {
        "img": "https://btch.pages.dev/file/75cacfa4a191c6ce27deb.jpg",
        "fullimg": "https://btch.pages.dev/file/6d8fee91f142880886e39.jpg", 
        "jawaban": "aldous",
        "deskripsi": "hero ini role fighter"
    }
]