[
  {
    "index": 0,
    "soal": "Hero Mobile Legends yang bisa bikin salting?",
    "jawaban": "Akai Soalnya Panda Pandangin Kamu"
  },
  {
    "index": 1,
    "soal": "Hero Mobile Legends yang bisa buka map?",
    "jawaban": "Atlas"
  },
  {
    "index": 2,
    "soal": "Hero Mobile Legends yang cuma tahu satu arah mata angin?",
    "jawaban": "Barats"
  },
  {
    "index": 3,
    "soal": "Hero Mobile Legends yang harus diubah?",
    "jawaban": "Edith"
  },
  {
    "index": 4,
    "soal": "Hero Mobile Legends yang mobilnya banyak?",
    "jawaban": "Vale-t Parking"
  },
  {
    "index": 5,
    "soal": "Hero Mobile Legends yang frustasi?",
    "jawaban": "Estress"
  },
  {
    "index": 6,
    "soal": "Hero Mobile Legends yang bingung?",
    "jawaban": "Ling Lung"
  },
  {
    "index": 7,
    "soal": "Hero Mobile Legends yang jadi pelawak?",
    "jawaban": "Mr Bane"
  },
  {
    "index": 8,
    "soal": "Hero Mobile Legends yang panjang?",
    "jawaban": "Zi-long"
  },
  {
    "index": 9,
    "soal": "Hero Mobile Legends yang paling lucu?",
    "jawaban": "Fanny (funny)"
  },
  {
    "index": 10,
    "soal": "Hero Mobile Legends yang digunakan untuk kirim surat?",
    "jawaban": "Franco (perangko)"
  },
  {
    "index": 11,
    "soal": "Hero Mobile Legends yang rajin menabung?",
    "jawaban": "Irithel"
  },
  {
    "index": 12,
    "soal": "Hero Mobile Legends yang banyak utangnya?",
    "jawaban": "Cecilion (utang)"
  },
  {
    "index": 13,
    "soal": "Hero Mobile Legends yang nggak pernah marah?",
    "jawaban": "Saber dan tawakal"
  },
  {
    "index": 14,
    "soal": "Hero Mobile Legends yang mengabulkan permintaan?",
    "jawaban": "Yin dari Timur Tengah (Jin)"
  },
  {
    "index": 15,
    "soal": "Hero Mobile Legends yang dipakai bareng baju?",
    "jawaban": "Celana (Selena)"
  },
  {
    "index": 16,
    "soal": "Hero Mobile Legends yang kalau dibalik menghisap darah?",
    "jawaban": "Alucard (dibalik Dracula)"
  },
  {
    "index": 17,
    "soal": "Hero Mobile Legends yang masih ngantuk?",
    "jawaban": "Beler-ick"
  },
  {
    "index": 18,
    "soal": "Hero Mobile Legends yang nggak percayaan?",
    "jawaban": "Masha?"
  },
  {
    "index": 19,
    "soal": "Hero Mobile Legends yang terima perintah?",
    "jawaban": "Roger"
  },
  {
    "index": 20,
    "soal": "Hero Mobile Legends yang bisa bikin lagu?",
    "jawaban": "DJ Khaleed"
  },
  {
    "index": 21,
    "soal": "Hero Mobile Legends yang bisa hipnotis?",
    "jawaban": "Romi Rafaela"
  },
  {
    "index": 22,
    "soal": "Hero Mobile Legends yang ada di restoran?",
    "jawaban": "Karrie Ayam"
  },
  {
    "index": 23,
    "soal": "Hero Mobile Legends yang bisa menerjemahkan bahasa?",
    "jawaban": "Thamuz Besar Bahasa Inggris Lengkap"
  },
  {
    "index": 24,
    "soal": "Hero Mobile Legends yang minta makan?",
    "jawaban": "Argus lapar, Bu"
  },
  {
    "index": 25,
    "soal": "Hero Mobile Legends yang nggak pernah masuk sekolah?",
    "jawaban": "Alpha"
  },
  {
    "index": 26,
    "soal": "Hero Mobile Legends yang namanya tiga huruf?",
    "jawaban": "Yin, Yve, Sun"
  },
  {
    "index": 27,
    "soal": "Hero Mobile Legends yang namanya cuma satu huruf?",
    "jawaban": "K aja (Kaja)"
  },
  {
    "index": 28,
    "soal": "Kenapa jumlah pemain Mobile Legends 5 orang dalam satu tim?",
    "jawaban": "Soalnya kalau tiga orang grup cerdas cermat"
  },
  {
    "index": 29,
    "soal": "Bahasa Cinanya cowok gondrong naik perahu?",
    "jawaban": "Yi Sun-shin"
  },
  {
    "index": 30,
    "soal": "Bis-bis apa yang biasanya ada di rumput?",
    "jawaban": "Bis-a Hilda, bis-a Saber, bis-a Natalia"
  },
  {
    "index": 31,
    "soal": "Sarung-sarung apa yang dipakai untuk berkelahi?",
    "jawaban": "Sarung tinju Paquito"
  },
  {
    "index": 32,
    "soal": "Kutu-kutu apa yang keluarnya dari mulut?",
    "jawaban": "Kutukan hero Mage"
  },
  {
    "index": 33,
    "soal": "Paku yang tumpul tapi bisa nonjok?",
    "jawaban": "Pakuito"
  },
  {
    "index": 34,
    "soal": "Kenapa Aldous terbangnya nggak bisa mundur?",
    "jawaban": "Soalnya Aldous nggak punya spion"
  },
  {
    "index": 35,
    "soal": "Berubah jadi apa Popol & Kupa ketika Helcurt ulti?",
    "jawaban": "Berubah jadi gelap"
  },
  {
    "index": 36,
    "soal": "Anak siapa yang bisa bergerak sangat cepat di udara?",
    "jawaban": "Anak panah Miya"
  },
  {
    "index": 37,
    "soal": "Dipeluk bukan anak, dipetik bukan buah, benda apakah itu?",
    "jawaban": "Gitar Martis"
  },
  {
    "index": 38,
    "soal": "Hewan-hewan apa yang bisa dipakai di leher?",
    "jawaban": "Dasi kupu-kupu Harley"
  },
  {
    "index": 39,
    "soal": "Sapi-sapi apa yang rambutnya belah tengah?",
    "jawaban": "Sapier (Xaver)"
  },
  {
    "index": 40,
    "soal": "Tari-tari apa yang paling menakutkan?",
    "jawaban": "Tari-ng Balmond"
  },
  {
    "index": 41,
    "soal": "Apa yang ada di ujung Land of Dawn?",
    "jawaban": "Huruf N"
  },
  {
    "index": 42,
    "soal": "Hero Mobile Legends yang suka membuat ramuan?",
    "jawaban": "Angela"
  },
  {
    "index": 43,
    "soal": "Hero Mobile Legends yang sering memenangkan pertandingan?",
    "jawaban": "Champion"
  },
  {
    "index": 44,
    "soal": "Hero Mobile Legends yang suka berpetualang?",
    "jawaban": "Adventurer"
  },
  {
    "index": 45,
    "soal": "Hero Mobile Legends yang bisa membuat api?",
    "jawaban": "Firelord"
  },
  {
    "index": 46,
    "soal": "Hero Mobile Legends yang suka dengan teknologi?",
    "jawaban": "Techie"
  },
  {
    "index": 47,
    "soal": "Hero Mobile Legends yang suka bertarung di udara?",
    "jawaban": "Skyfighter"
  }
]